{"volume":0.699999988079071,"ResolutionIndex":1,"Sensitivity":0.23615314066410066,"init_load":false,"Slot":1}