{"volume":0.699999988079071,"ResolutionIndex":1,"Sensitivity":0.699999988079071,"init_load":false,"Slot":1}